segment,support_total,support_spam,support_ham,accuracy,precision,recall,f1,positive_rate_pred,roc_auc,pr_auc
english_all_sources_test,759,101,658,0.9894598155467721,0.9894736842105263,0.9306930693069307,0.9591836734693877,0.1251646903820817,0.9950194107556652,0.9826540427510616
english_spam_sources_test,101,101,0,0.9306930693069307,1.0,0.9306930693069307,0.9641025641025641,0.9306930693069307,,
english_ham_sources_test,658,0,658,0.9984802431610942,0.0,0.0,0.0,0.001519756838905775,,
spam.csv,759,101,658,0.9894598155467721,0.9894736842105263,0.9306930693069307,0.9591836734693877,0.1251646903820817,0.9950194107556652,0.9826540427510616
