segment,support_total,support_spam,support_ham,accuracy,precision,recall,f1,positive_rate_pred,roc_auc,pr_auc
english_all_sources_test,768,106,662,0.9895833333333334,0.99,0.9339622641509434,0.9611650485436893,0.13020833333333334,0.9957960440061562,0.9853824677794965
english_spam_sources_test,106,106,0,0.9339622641509434,1.0,0.9339622641509434,0.9658536585365853,0.9339622641509434,,
english_ham_sources_test,662,0,662,0.9984894259818731,0.0,0.0,0.0,0.0015105740181268882,,
spam.csv,768,106,662,0.9895833333333334,0.99,0.9339622641509434,0.9611650485436893,0.13020833333333334,0.9957960440061562,0.9853824677794965
