model,threshold,cv_precision_mean,cv_recall_mean,cv_f1_mean,cv_roc_auc_mean,val_accuracy,val_precision,val_recall,val_f1,val_roc_auc,val_pr_auc
LinearSVM_Calibrated,0.3384137366178563,0.9798912996415309,0.9390862944162436,0.9589712831216064,0.9955609414024182,0.9917407878017789,0.9669811320754716,0.9715639810426541,0.9692671394799054,0.9968497147009836,0.9879800537121721
LogisticRegression,0.40248988209608766,0.9588850682645662,0.9401015228426397,0.9492064083761427,0.994825160859954,0.9891994917407878,0.9575471698113207,0.9620853080568721,0.9598108747044918,0.9953754089981328,0.9831658211110612
ComplementNB,0.19732927037658773,0.9531088306754579,0.9289340101522843,0.9408069243875508,0.9879796664357127,0.9822109275730623,0.9295774647887324,0.9383886255924171,0.9339622641509434,0.9865678232780354,0.9691803269069286
