model,threshold,cv_precision_mean,cv_recall_mean,cv_f1_mean,cv_roc_auc_mean,val_accuracy,val_precision,val_recall,val_f1,val_roc_auc,val_pr_auc
LinearSVM_Calibrated,0.3714758149741903,0.980068750924669,0.9461928934010153,0.9627448632792145,0.9954601115423592,0.9904822335025381,0.9711538461538461,0.957345971563981,0.964200477326969,0.9938301824557748,0.9857838607984345
LogisticRegression,0.438624472715245,0.9539024115831065,0.9431472081218274,0.9484530375243299,0.9942827970200966,0.9885786802030457,0.957345971563981,0.957345971563981,0.957345971563981,0.9916289082165859,0.9816073268078852
ComplementNB,0.970362095613924,0.9036721857657183,0.9411167512690355,0.9219695685627374,0.988302709003739,0.983502538071066,0.9512195121951219,0.9241706161137441,0.9375,0.9811815356839053,0.9635525061068727
