segment,support_total,support_spam,support_ham,accuracy,precision,recall,f1,positive_rate_pred,roc_auc,pr_auc
ukrainian_all_sources_test,808,105,703,0.995049504950495,0.9902912621359223,0.9714285714285714,0.9807692307692307,0.12747524752475248,0.9970602181128496,0.993106607856457
ukrainian_spam_sources_test,797,105,692,0.9949811794228356,0.9902912621359223,0.9714285714285714,0.9807692307692307,0.12923462986198245,0.9970960638590697,0.9931678573460446
ukrainian_ham_sources_test,11,0,11,1.0,0.0,0.0,0.0,0.0,,
ukrainian_ham.csv,11,0,11,1.0,0.0,0.0,0.0,0.0,,
ukrainian_spam.csv,16,16,0,0.9375,1.0,0.9375,0.967741935483871,0.9375,,
ukrainian_spam_dataset.csv,781,89,692,0.9961587708066582,0.9886363636363636,0.9775280898876404,0.9830508474576272,0.11267605633802817,0.9966064817821654,0.9916768857029866
