segment,support_total,support_spam,support_ham,accuracy,precision,recall,f1,positive_rate_pred,roc_auc,pr_auc
ukrainian_all_sources_test,815,110,705,0.9938650306748467,0.9906542056074766,0.9636363636363636,0.9769585253456221,0.1312883435582822,0.9970212765957447,0.9918314618829734
ukrainian_spam_sources_test,804,110,694,0.9937810945273632,0.9906542056074766,0.9636363636363636,0.9769585253456221,0.13308457711442787,0.9970657584490438,0.9920195713837737
ukrainian_ham_sources_test,11,0,11,1.0,0.0,0.0,0.0,0.0,,
ukrainian_ham.csv,11,0,11,1.0,0.0,0.0,0.0,0.0,,
ukrainian_spam.csv,19,19,0,0.8947368421052632,1.0,0.8947368421052632,0.9444444444444444,0.8947368421052632,,
ukrainian_spam_dataset.csv,785,91,694,0.9961783439490446,0.9888888888888889,0.978021978021978,0.9834254143646409,0.11464968152866242,0.9965797890869936,0.9903612052108292
